{"cameraMode":{"drawMode":0,"name":"Shaded","section":"Shading Mode"},"sceneLighting":true,"audioPlay":false,"sceneViewState":{"m_AlwaysRefresh":false,"showFog":true,"showSkybox":true,"showFlares":true,"showImageEffects":true,"showParticleSystems":true,"showVisualEffectGraphs":true,"m_FxEnabled":true},"in2DMode":false,"pivot":{"x":-0.29664504528045657,"y":3.1126532554626467,"z":0.9027626514434815},"rotation":{"x":0.21323734521865846,"y":-0.7783782482147217,"z":0.4771185517311096,"w":0.34787940979003909},"size":5.027003288269043,"orthographic":false}