{"cameraMode":{"drawMode":0,"name":"Shaded","section":"Shading Mode"},"sceneLighting":true,"audioPlay":false,"sceneViewState":{"m_AlwaysRefresh":false,"showFog":true,"showSkybox":true,"showFlares":true,"showImageEffects":true,"showParticleSystems":true,"showVisualEffectGraphs":true,"m_FxEnabled":true},"in2DMode":false,"pivot":{"x":-0.10458707809448242,"y":-0.3617629408836365,"z":1.7019938230514527},"rotation":{"x":-0.056454893201589587,"y":-0.8806055188179016,"z":0.4577784538269043,"w":-0.10859891027212143},"size":7.90410041809082,"orthographic":false}