{"cameraMode":{"drawMode":0,"name":"Shaded","section":"Shading Mode"},"sceneLighting":true,"audioPlay":false,"sceneViewState":{"m_AlwaysRefresh":false,"showFog":true,"showSkybox":true,"showFlares":true,"showImageEffects":true,"showParticleSystems":true,"showVisualEffectGraphs":true,"m_FxEnabled":true},"in2DMode":false,"pivot":{"x":1.3559192419052125,"y":1.034322738647461,"z":-2.3736467361450197},"rotation":{"x":0.0068094488233327869,"y":-0.895329475402832,"z":0.4451492130756378,"w":0.013696531765162945},"size":7.043528079986572,"orthographic":false}